ArticleKey,Titolo
/en/inbiz-magazine,Inbiz Magazine
/en/inbiz-magazine/inbiz-inspire/corporate-digitalisation,Corporate Digitalisation
/en/inbiz-magazine/inbiz-inspire/from-treasurer-to-chief-liquidity-officer-challenges-and-opportunit,From Treasurer To Chief Liquidity Officer Challenges And Opportunit
/en/inbiz-magazine/inbiz-inspire/strategic-value-of-supply-chain-finance,Strategic Value Of Supply Chain Finance
/en/inbiz-magazine/inbiz-tools/b2b-digital-payments-new-regulatory-framework,B2B Digital Payments New Regulatory Framework
/en/inbiz-magazine/inbiz-tools/verification-of-payee-reliable-digital-payments,Verification Of Payee Reliable Digital Payments
/en/inbiz-magazine/inbiz-trends/cybercrime-security-challenges-for-businesses-of-the-future,Cybercrime Security Challenges For Businesses Of The Future
/en/inbiz-magazine/inbiz-trends/instant-payment-regulation,Instant Payment Regulation
/en/inbiz-magazine/inbiz-trends/new-global-risks-businesses-resilience-business-continuity,New Global Risks Businesses Resilience Business Continuity
/en/inbiz-magazine/inbiz-worldwide/development-export-made-in-italy,Development Export Made In Italy
/en/inbiz-magazine/inbiz-worldwide/digital-export-new-frontier-made-in-italy,Digital Export New Frontier Made In Italy
/en/inbiz-magazine/inbiz-worldwide/import-export-2025-prospects-amid-tariffs-and-uncertainty,Import Export 2025 Prospects Amid Tariffs And Uncertainty
/en/inbiz-magazine/inbiz-worldwide/import-export-new-scenarios-companies-trading-internationally,Import Export New Scenarios Companies Trading Internationally
/en/inbiz-magazine/inbiz-worldwide/international-payments-strategic-role-exotic-currencies,International Payments Strategic Role Exotic Currencies
/en/inbiz-magazine/inbiz-worldwide/made-in-italy-emirati-arabi-export-opportunities,Made In Italy Emirati Arabi Export Opportunities
/it/inbiz-magazine,Inbiz Magazine
/it/inbiz-magazine/inbiz-inspire/da-tesoriere-a-chief-liquidity-officer-sfide-e-opportunita,Da Tesoriere A Chief Liquidity Officer Sfide E Opportunita
/it/inbiz-magazine/inbiz-inspire/digitalizzazione-aziendale,Digitalizzazione Aziendale
/it/inbiz-magazine/inbiz-inspire/supply-chain-finance-operare-in-filiera,Supply Chain Finance Operare In Filiera
/it/inbiz-magazine/inbiz-tools,Inbiz Tools
/it/inbiz-magazine/inbiz-tools/pagamenti-digitali-b2b,Pagamenti Digitali B2B
/it/inbiz-magazine/inbiz-tools/verification-of-payee-pagamenti-digitali-affidabili,Verification Of Payee Pagamenti Digitali Affidabili
/it/inbiz-magazine/inbiz-trends,Inbiz Trends
/it/inbiz-magazine/inbiz-trends/cybercrime-sicurezza-sfide-per-aziende-del-futuro,Cybercrime Sicurezza Sfide Per Aziende Del Futuro
/it/inbiz-magazine/inbiz-trends/nuovi-rischi-globali-aziende-resilienza-business-continuity,Nuovi Rischi Globali Aziende Resilienza Business Continuity
/it/inbiz-magazine/inbiz-trends/regolamento-digital-payment,Regolamento Digital Payment
/it/inbiz-magazine/inbiz-worldwide,Inbiz Worldwide
/it/inbiz-magazine/inbiz-worldwide/digital-export-nuova-frontiera-made-in-italy,Digital Export Nuova Frontiera Made In Italy
/it/inbiz-magazine/inbiz-worldwide/import-export-nuovi-scenari-aziende-commercio-estero,Import Export Nuovi Scenari Aziende Commercio Estero
/it/inbiz-magazine/inbiz-worldwide/import-export-prospettive-2025-tra-dazi-e-incertezze,Import Export Prospettive 2025 Tra Dazi E Incertezze
/it/inbiz-magazine/inbiz-worldwide/made-in-italy-emirati-arabi-export-opportunita,Made In Italy Emirati Arabi Export Opportunita
/it/inbiz-magazine/inbiz-worldwide/pagamenti-internazionali-ruolo-strategico-valute-esotiche,Pagamenti Internazionali Ruolo Strategico Valute Esotiche
/it/inbiz-magazine/inbiz-worldwide/sviluppo-export-made-in-italy,Sviluppo Export Made In Italy
